target,sentiment score,unicode,text
"4","0.221","U+1f602","FACE WITH TEARS OF JOY"
"4","0.746","U+2764","HEAVY BLACK HEART"
"4","0.657","U+2665","BLACK HEART SUIT"
"4","0.678","U+1f60d","SMILING FACE WITH HEART-SHAPED EYES"
"0","-0.093","U+1f62d","LOUDLY CRYING FACE"
"4","0.701","U+1f618","FACE THROWING A KISS"
"4","0.644","U+1f60a","SMILING FACE WITH SMILING EYES"
"4","0.563","U+1f44c","OK HAND SIGN"
"4","0.632","U+1f495","TWO HEARTS"
"4","0.52","U+1f44f","CLAPPING HANDS SIGN"
"4","0.449","U+1f601","GRINNING FACE WITH SMILING EYES"
"4","0.657","U+263a","WHITE SMILING FACE"
"4","0.669","U+2661","WHITE HEART SUIT"
"4","0.521","U+1f44d","THUMBS UP SIGN"
"0","-0.368","U+1f629","WEARY FACE"
"2","0.417","U+1f64f","PERSON WITH FOLDED HANDS"
"4","0.463","U+270c","VICTORY HAND"
"2","0.332","U+1f60f","SMIRKING FACE"
"4","0.463","U+1f609","WINKING FACE"
"4","0.559","U+1f64c","PERSON RAISING BOTH HANDS IN CELEBRATION"
"2","0.432","U+1f648","SEE-NO-EVIL MONKEY"
"2","0.555","U+1f4aa","FLEXED BICEPS"
"4","0.421","U+1f604","SMILING FACE WITH OPEN MOUTH AND SMILING EYES"
"0","-0.374","U+1f612","UNAMUSED FACE"
"4","0.734","U+1f483","DANCER"
"4","0.712","U+1f496","SPARKLING HEART"
"4","0.557","U+1f603","SMILING FACE WITH OPEN MOUTH"
"0","-0.146","U+1f614","PENSIVE FACE"
"0","0.19","U+1f631","FACE SCREAMING IN FEAR"
"4","0.738","U+1f389","PARTY POPPER"
"4","0.455","U+1f61c","FACE WITH STUCK-OUT TONGUE AND WINKING EYE"
"2","0.001","U+262f","YIN YANG"
"4","0.65","U+1f338","CHERRY BLOSSOM"
"4","0.654","U+1f49c","PURPLE HEART"
"4","0.73","U+1f499","BLUE HEART"
"4","0.351","U+2728","SPARKLES"
"2","0.018","U+1f633","FLUSHED FACE"
"4","0.657","U+1f497","GROWING HEART"
"4","0.283","U+2605","BLACK STAR"
"2","-0.032","U+2588","FULL BLOCK"
"4","0.465","U+2600","BLACK SUN WITH RAYS"
"0","-0.173","U+1f621","POUTING FACE"
"4","0.491","U+1f60e","SMILING FACE WITH SUNGLASSES"
"0","0.007","U+1f622","CRYING FACE"
"4","0.691","U+1f48b","KISS MARK"
"4","0.631","U+1f60b","FACE SAVOURING DELICIOUS FOOD"
"2","0.459","U+1f64a","SPEAK-NO-EVIL MONKEY"
"2","-0.08","U+1f634","SLEEPING FACE"
"4","0.537","U+1f3b6","MULTIPLE MUSICAL NOTES"
"4","0.739","U+1f49e","REVOLVING HEARTS"
"4","0.482","U+1f60c","RELIEVED FACE"
"2","0.139","U+1f525","FIRE"
"4","0.12","U+1f4af","HUNDRED POINTS SYMBOL"
"0","-0.194","U+1f52b","PISTOL"
"4","0.709","U+1f49b","YELLOW HEART"
"2","0.326","U+1f481","INFORMATION DESK PERSON"
"4","0.656","U+1f49a","GREEN HEART"
"4","0.287","U+266b","BEAMED EIGHTH NOTES"
"0","-0.118","U+1f61e","DISAPPOINTED FACE"
"4","0.409","U+1f606","SMILING FACE WITH OPEN MOUTH AND TIGHTLY-CLOSED EYES"
"4","0.423","U+1f61d","FACE WITH STUCK-OUT TONGUE AND TIGHTLY-CLOSED EYES"
"2","-0.08","U+1f62a","SLEEPY FACE"
"2","0.086","U+fffd","REPLACEMENT CHARACTER"
"0","-0.145","U+1f62b","TIRED FACE"
"4","0.178","U+1f605","SMILING FACE WITH OPEN MOUTH AND COLD SWEAT"
"2","0.228","U+1f44a","FISTED HAND SIGN"
"0","-0.207","U+1f480","SKULL"
"4","0.568","U+1f600","GRINNING FACE"
"4","0.71","U+1f61a","KISSING FACE WITH CLOSED EYES"
"4","0.619","U+1f63b","SMILING CAT FACE WITH HEART-SHAPED EYES"
"2","0.117","U+a9","COPYRIGHT SIGN"
"2","0.063","U+1f440","EYES"
"4","0.683","U+1f498","HEART WITH ARROW"
"2","0.028","U+1f413","ROOSTER"
"2","0.244","U+2615","HOT BEVERAGE"
"2","0.413","U+1f44b","WAVING HAND SIGN"
"2","0.126","U+270b","RAISED HAND"
"4","0.721","U+1f38a","CONFETTI BALL"
"2","0.417","U+1f355","SLICE OF PIZZA"
"2","0.506","U+2744","SNOWFLAKE"
"0","0.122","U+1f625","DISAPPOINTED BUT RELIEVED FACE"
"0","-0.397","U+1f615","CONFUSED FACE"
"2","0.148","U+1f4a5","COLLISION SYMBOL"
"0","-0.121","U+1f494","BROKEN HEART"
"0","-0.209","U+1f624","FACE WITH LOOK OF TRIUMPH"
"0","0.265","U+1f608","SMILING FACE WITH HORNS"
"2","0.162","U+25ba","BLACK RIGHT-POINTING POINTER"
"2","0.415","U+2708","AIRPLANE"
"2","0.474","U+1f51d","TOP WITH UPWARDS ARROW ABOVE"
"0","-0.02","U+1f630","FACE WITH OPEN MOUTH AND COLD SWEAT"
"2","0.616","U+26bd","SOCCER BALL"
"0","-0.311","U+1f611","EXPRESSIONLESS FACE"
"4","0.694","U+1f451","CROWN"
"4","0.141","U+1f639","CAT FACE WITH TEARS OF JOY"
"2","0.39","U+1f449","WHITE RIGHT POINTING BACKHAND INDEX"
"2","0.378","U+1f343","LEAF FLUTTERING IN WIND"
"4","0.759","U+1f381","WRAPPED PRESENT"
"0","-0.299","U+1f620","ANGRY FACE"
"2","0.456","U+1f427","PENGUIN"
"4","0.428","U+2606","WHITE STAR"
"4","0.285","U+1f340","FOUR LEAF CLOVER"
"2","0.718","U+1f388","BALLOON"
"4","0.318","U+1f385","FATHER CHRISTMAS"
"0","-0.08","U+1f613","FACE WITH COLD SWEAT"
"0","-0.212","U+1f623","PERSEVERING FACE"
"0","-0.388","U+1f610","NEUTRAL FACE"
"2","0.429","U+270a","RAISED FIST"
"0","-0.14","U+1f628","FEARFUL FACE"
"0","-0.155","U+1f616","CONFOUNDED FACE"
"2","0.37","U+1f4a4","SLEEPING SYMBOL"
"4","0.664","U+1f493","BEATING HEART"
"0","-0.188","U+1f44e","THUMBS DOWN SIGN"
"2","0.471","U+1f4a6","SPLASHING SWEAT SYMBOL"
"2","0.27","U+2714","HEAVY CHECK MARK"
"2","-0.169","U+1f637","FACE WITH MEDICAL MASK"
"2","0.177","U+26a1","HIGH VOLTAGE SIGN"
"2","0.485","U+1f64b","HAPPY PERSON RAISING ONE HAND"
"2","0.531","U+1f384","CHRISTMAS TREE"
"2","-0.116","U+1f4a9","PILE OF POO"
"2","0.5","U+1f3b5","MUSICAL NOTE"
"2","0.147","U+27a1","BLACK RIGHTWARDS ARROW"
"2","0.601","U+1f61b","FACE WITH STUCK-OUT TONGUE"
"0","0.194","U+1f62c","GRIMACING FACE"
"4","0.439","U+1f46f","WOMAN WITH BUNNY EARS"
"4","0.561","U+1f48e","GEM STONE"
"2","0.384","U+1f33f","HERB"
"4","0.613","U+1f382","BIRTHDAY CAKE"
"2","0.327","U+1f31f","GLOWING STAR"
"2","0.267","U+1f52e","CRYSTAL BALL"
"2","0.1","U+2757","HEAVY EXCLAMATION MARK SYMBOL"
"2","0.255","U+1f46b","MAN AND WOMAN HOLDING HANDS"
"4","0.726","U+1f3c6","TROPHY"
"4","0.311","U+2716","HEAVY MULTIPLICATION X"
"2","0.309","U+261d","WHITE UP POINTING INDEX"
"4","0.778","U+1f619","KISSING FACE WITH SMILING EYES"
"2","0.521","U+26c4","SNOWMAN WITHOUT SNOW"
"2","0.461","U+1f445","TONGUE"
"4","0.534","U+266a","EIGHTH NOTE"
"2","0.547","U+1f342","FALLEN LEAF"
"4","0.388","U+1f48f","KISS"
"0","0.07","U+1f52a","HOCHO"
"2","0.525","U+1f334","PALM TREE"
"2","0.424","U+1f448","WHITE LEFT POINTING BACKHAND INDEX"
"4","0.6","U+1f339","ROSE"
"4","0.5","U+1f646","FACE WITH OK GESTURE"
"2","0.162","U+279c","HEAVY ROUND-TIPPED RIGHTWARDS ARROW"
"2","0.228","U+1f47b","GHOST"
"4","0.251","U+1f4b0","MONEY BAG"
"4","0.512","U+1f37b","CLINKING BEER MUGS"
"0","-0.202","U+1f645","FACE WITH NO GOOD GESTURE"
"4","0.558","U+1f31e","SUN WITH FACE"
"2","0.482","U+1f341","MAPLE LEAF"
"4","0.58","U+2b50","WHITE MEDIUM STAR"
"2","0.198","U+25aa","BLACK SMALL SQUARE"
"2","0.629","U+1f380","RIBBON"
"2","0.176","U+2501","BOX DRAWINGS HEAVY HORIZONTAL"
"2","0.064","U+2637","TRIGRAM FOR EARTH"
"2","0.368","U+1f437","PIG FACE"
"4","0.333","U+1f649","HEAR-NO-EVIL MONKEY"
"2","0.549","U+1f33a","HIBISCUS"
"2","0.388","U+1f485","NAIL POLISH"
"2","0.576","U+1f436","DOG FACE"
"4","0.464","U+1f31a","NEW MOON WITH FACE"
"2","0.315","U+1f47d","EXTRATERRESTRIAL ALIEN"
"4","0.476","U+1f3a4","MICROPHONE"
"2","0.463","U+1f46d","TWO WOMEN HOLDING HANDS"
"4","0.414","U+1f3a7","HEADPHONE"
"2","0.326","U+1f446","WHITE UP POINTING BACKHAND INDEX"
"2","0.539","U+1f378","COCKTAIL GLASS"
"2","0.393","U+1f377","WINE GLASS"
"2","0.279","U+ae","REGISTERED SIGN"
"2","0.597","U+1f349","WATERMELON"
"4","0.587","U+1f607","SMILING FACE WITH HALO"
"2","0.101","U+2611","BALLOT BOX WITH CHECK"
"2","0.406","U+1f3c3","RUNNER"
"0","-0.372","U+1f63f","CRYING CAT FACE"
"2","0.343","U+2502","BOX DRAWINGS LIGHT VERTICAL"
"0","0.007","U+1f4a3","BOMB"
"2","0.493","U+1f37a","BEER MUG"
"2","0.209","U+25b6","BLACK RIGHT-POINTING TRIANGLE"
"0","-0.068","U+1f632","ASTONISHED FACE"
"2","0.516","U+1f3b8","GUITAR"
"2","0.659","U+1f379","TROPICAL DRINK"
"2","0.5","U+1f4ab","DIZZY SYMBOL"
"2","0.336","U+1f4da","BOOKS"
"2","-0.142","U+1f636","FACE WITHOUT MOUTH"
"2","0.538","U+1f337","TULIP"
"4","0.644","U+1f49d","HEART WITH RIBBON"
"2","0.381","U+1f4a8","DASH SYMBOL"
"2","0.53","U+1f3c8","AMERICAN FOOTBALL"
"4","0.478","U+1f48d","RING"
"2","0.289","U+2614","UMBRELLA WITH RAIN DROPS"
"2","0.605","U+1f478","PRINCESS"
"2","0.616","U+1f1ea","REGIONAL INDICATOR SYMBOL LETTER E"
"2","-0.045","U+2591","LIGHT SHADE"
"2","0.382","U+1f369","DOUGHNUT"
"2","0.361","U+1f47e","ALIEN MONSTER"
"2","0.308","U+2601","CLOUD"
"2","0.57","U+1f33b","SUNFLOWER"
"0","0.085","U+1f635","DIZZY FACE"
"2","0.038","U+1f4d2","LEDGER"
"2","0.648","U+21bf","UPWARDS HARPOON WITH BARB LEFTWARDS"
"2","0.476","U+1f42f","TIGER FACE"
"2","0.333","U+1f47c","BABY ANGEL"
"2","0.277","U+1f354","HAMBURGER"
"4","0.41","U+1f638","GRINNING CAT FACE WITH SMILING EYES"
"2","0.434","U+1f476","BABY"
"2","0.646","U+21be","UPWARDS HARPOON WITH BARB RIGHTWARDS"
"2","0.735","U+1f490","BOUQUET"
"2","0.5","U+1f30a","WATER WAVE"
"2","0.459","U+1f366","SOFT ICE CREAM"
"2","0.67","U+1f353","STRAWBERRY"
"2","0.247","U+1f447","WHITE DOWN POINTING BACKHAND INDEX"
"2","0.221","U+1f486","FACE MASSAGE"
"2","0.537","U+1f374","FORK AND KNIFE"
"0","-0.063","U+1f627","ANGUISHED FACE"
"2","0.511","U+1f1f8","REGIONAL INDICATOR SYMBOL LETTER S"
"2","0.269","U+1f62e","FACE WITH OPEN MOUTH"
"2","0.011","U+2593","DARK SHADE"
"0","-0.44","U+1f6ab","NO ENTRY SIGN"
"4","0.571","U+1f63d","KISSING CAT FACE WITH CLOSED EYES"
"4","0.516","U+1f308","RAINBOW"
"0","0.33","U+1f640","WEARY CAT FACE"
"0","-0.066","U+26a0","WARNING SIGN"
"2","0.427","U+1f3ae","VIDEO GAME"
"2","-0.011","U+256f","BOX DRAWINGS LIGHT ARC UP AND LEFT"
"2","0.402","U+1f346","AUBERGINE"
"2","0.448","U+1f370","SHORTCAKE"
"2","0.287","U+2713","CHECK MARK"
"2","-0.023","U+1f450","OPEN HANDS SIGN"
"2","0.14","U+1f647","PERSON BOWING DEEPLY"
"2","0.302","U+1f35f","FRENCH FRIES"
"2","0.435","U+1f34c","BANANA"
"4","0.659","U+1f491","COUPLE WITH HEART"
"2","-0.059","U+1f46c","TWO MEN HOLDING HANDS"
"2","0.476","U+1f423","HATCHING CHICK"
"2","0.595","U+1f383","JACK-O-LANTERN"
"2","0.464","U+25ac","BLACK RECTANGLE"
"2","-0.476","U+fffc","OBJECT REPLACEMENT CHARACTER"
"0","0.072","U+1f61f","WORRIED FACE"
"2","0.605","U+1f43e","PAW PRINTS"
"2","0.563","U+1f393","GRADUATION CAP"
"2","0.575","U+1f3ca","SWIMMER"
"2","0.152","U+1f36b","CHOCOLATE BAR"
"2","0.43","U+1f4f7","CAMERA"
"2","0.474","U+1f444","MOUTH"
"2","0.779","U+1f33c","BLOSSOM"
"2","-0.143","U+1f6b6","PEDESTRIAN"
"2","0.513","U+1f431","CAT FACE"
"2","0.145","U+2551","BOX DRAWINGS DOUBLE VERTICAL"
"2","-0.08","U+1f438","FROG FACE"
"2","0.541","U+1f1fa","REGIONAL INDICATOR SYMBOL LETTER U"
"0","-0.534","U+1f47f","IMP"
"2","0.521","U+1f6ac","SMOKING SYMBOL"
"2","0.384","U+273f","BLACK FLORETTE"
"2","0.169","U+1f4d6","OPEN BOOK"
"2","0.521","U+1f412","MONKEY"
"2","0.592","U+1f30d","EARTH GLOBE EUROPE-AFRICA"
"2","0.958","U+250a","BOX DRAWINGS LIGHT QUADRUPLE DASH VERTICAL"
"2","0.586","U+1f425","FRONT-FACING BABY CHICK"
"2","0.101","U+1f300","CYCLONE"
"2","0.261","U+1f43c","PANDA FACE"
"2","0.29","U+1f3a5","MOVIE CAMERA"
"2","0.435","U+1f484","LIPSTICK"
"0","0.159","U+1f4b8","MONEY WITH WINGS"
"0","0.485","U+26d4","NO ENTRY"
"2","0.176","U+25cf","BLACK CIRCLE"
"2","0.254","U+1f3c0","BASKETBALL AND HOOP"
"2","0.358","U+1f489","SYRINGE"
"4","0.682","U+1f49f","HEART DECORATION"
"2","0.231","U+1f697","AUTOMOBILE"
"2","0.123","U+1f62f","HUSHED FACE"
"2","0.231","U+1f4dd","MEMO"
"2","0.015","U+2550","BOX DRAWINGS DOUBLE HORIZONTAL"
"2","0.453","U+2666","BLACK DIAMOND SUIT"
"2","0.206","U+1f4ad","THOUGHT BALLOON"
"2","0.59","U+1f319","CRESCENT MOON"
"2","0.689","U+1f41f","FISH"
"2","0.344","U+1f463","FOOTPRINTS"
"2","0.115","U+261e","WHITE RIGHT POINTING INDEX"
"0","-0.459","U+2702","BLACK SCISSORS"
"2","0.443","U+1f5ff","MOYAI"
"2","0.117","U+1f35d","SPAGHETTI"
"2","-0.017","U+1f46a","FAMILY"
"2","0.3","U+1f36d","LOLLIPOP"
"2","0.39","U+1f303","NIGHT WITH STARS"
"0","0.271","U+274c","CROSS MARK"
"2","0.586","U+1f430","RABBIT FACE"
"2","0.431","U+1f48a","PILL"
"2","0.638","U+1f6a8","POLICE CARS REVOLVING LIGHT"
"0","-0.368","U+1f626","FROWNING FACE WITH OPEN MOUTH"
"2","0.316","U+1f36a","COOKIE"
"2","-0.232","U+1f363","SUSHI"
"2","0.161","U+256d","BOX DRAWINGS LIGHT ARC DOWN AND RIGHT"
"2","0.321","U+2727","WHITE FOUR POINTED STAR"
"4","0.709","U+1f386","FIREWORKS"
"2","0.127","U+256e","BOX DRAWINGS LIGHT ARC DOWN AND LEFT"
"2","0.907","U+1f38e","JAPANESE DOLLS"
"2","0.611","U+1f1e9","REGIONAL INDICATOR SYMBOL LETTER D"
"2","0.407","U+2705","WHITE HEAVY CHECK MARK"
"0","0.058","U+1f479","JAPANESE OGRE"
"2","0.308","U+1f4f1","MOBILE PHONE"
"0","-0.327","U+1f64d","PERSON FROWNING"
"2","0.25","U+1f351","PEACH"
"2","0.327","U+1f3bc","MUSICAL SCORE"
"2","0.404","U+1f50a","SPEAKER WITH THREE SOUND WAVES"
"2","0.52","U+1f30c","MILKY WAY"
"2","0.32","U+1f34e","RED APPLE"
"2","0.44","U+1f43b","BEAR FACE"
"2","0.14","U+2500","BOX DRAWINGS LIGHT HORIZONTAL"
"2","-0.06","U+2570","BOX DRAWINGS LIGHT ARC UP AND RIGHT"
"2","0.327","U+1f487","HAIRCUT"
"2","0.245","U+266c","BEAMED SIXTEENTH NOTES"
"2","0.041","U+265a","BLACK CHESS KING"
"2","0.396","U+1f534","LARGE RED CIRCLE"
"2","-0.313","U+1f371","BENTO BOX"
"2","0.417","U+1f34a","TANGERINE"
"2","0.313","U+1f352","CHERRIES"
"2","0.688","U+1f42d","MOUSE FACE"
"2","0.417","U+1f45f","ATHLETIC SHOE"
"2","0.319","U+1f30e","EARTH GLOBE AMERICAS"
"2","0.468","U+1f34d","PINEAPPLE"
"2","0.587","U+1f42e","COW FACE"
"2","0.239","U+1f4f2","MOBILE PHONE WITH RIGHTWARDS ARROW AT LEFT"
"2","0.196","U+263c","WHITE SUN WITH RAYS"
"2","0.356","U+1f305","SUNRISE"
"2","0.667","U+1f1f7","REGIONAL INDICATOR SYMBOL LETTER R"
"2","0.356","U+1f460","HIGH-HEELED SHOE"
"2","0.444","U+1f33d","EAR OF MAIZE"
"0","-0.159","U+1f4a7","DROPLET"
"2","0.068","U+2753","BLACK QUESTION MARK ORNAMENT"
"2","0.364","U+1f36c","CANDY"
"4","0.395","U+1f63a","SMILING CAT FACE WITH OPEN MOUTH"
"2","0.07","U+1f434","HORSE FACE"
"2","0.488","U+1f680","ROCKET"
"2","0.581","U+a6","BROKEN BAR"
"0","0.233","U+1f4a2","ANGER SYMBOL"
"2","0.279","U+1f3ac","CLAPPER BOARD"
"2","0.302","U+1f367","SHAVED ICE"
"2","0.395","U+1f35c","STEAMING BOWL"
"2","0.558","U+1f40f","RAM"
"2","0.023","U+1f418","ELEPHANT"
"2","0.14","U+1f467","GIRL"
"2","0.047","U+2800","BRAILLE PATTERN BLANK"
"2","0.524","U+1f3c4","SURFER"
"2","0.31","U+27a4","BLACK RIGHTWARDS ARROWHEAD"
"2","0.286","U+2b06","UPWARDS BLACK ARROW"
"2","0.244","U+1f34b","LEMON"
"4","0.537","U+1f197","SQUARED OK"
"2","0.45","U+26aa","MEDIUM WHITE CIRCLE"
"2","0.375","U+1f4fa","TELEVISION"
"2","0.35","U+1f345","TOMATO"
"2","0.45","U+26c5","SUN BEHIND CLOUD"
"2","0.2","U+1f422","TURTLE"
"2","0.5","U+1f459","BIKINI"
"2","0.436","U+1f3e1","HOUSE WITH GARDEN"
"2","0.538","U+1f33e","EAR OF RICE"
"2","0.256","U+25c9","FISHEYE"
"2","0.342","U+270f","PENCIL"
"2","0.421","U+1f42c","DOLPHIN"
"2","0.053","U+1f364","FRIED SHRIMP"
"2","0.579","U+1f1f9","REGIONAL INDICATOR SYMBOL LETTER T"
"2","0.342","U+2663","BLACK CLUB SUIT"
"2","0.211","U+1f41d","HONEYBEE"
"4","0.189","U+1f31d","FULL MOON WITH FACE"
"2","0.595","U+1f1ee","REGIONAL INDICATOR SYMBOL LETTER I"
"2","-0.486","U+1f50b","BATTERY"
"2","0.351","U+1f40d","SNAKE"
"4","0.541","U+2654","WHITE CHESS KING"
"2","0.028","U+1f373","COOKING"
"2","0.306","U+1f535","LARGE BLUE CIRCLE"
"0","-0.333","U+1f63e","POUTING CAT FACE"
"2","0.556","U+1f315","FULL MOON SYMBOL"
"2","0.444","U+1f428","KOALA"
"2","0.333","U+1f510","CLOSED LOCK WITH KEY"
"2","0.611","U+1f4bf","OPTICAL DISC"
"2","0.056","U+2741","EIGHT PETALLED OUTLINED BLACK FLORETTE"
"2","0.486","U+1f333","DECIDUOUS TREE"
"4","0.486","U+1f470","BRIDE WITH VEIL"
"4","0.4","U+2740","WHITE FLORETTE"
"2","0.571","U+2693","ANCHOR"
"2","0.657","U+1f6b4","BICYCLIST"
"2","-0.143","U+2580","UPPER HALF BLOCK"
"2","0.235","U+1f457","DRESS"
"2","0.529","U+2795","HEAVY PLUS SIGN"
"2","0.364","U+1f4ac","SPEECH BALLOON"
"2","-0.03","U+2592","MEDIUM SHADE"
"2","0.273","U+1f51c","SOON WITH RIGHTWARDS ARROW ABOVE"
"2","0.212","U+1f368","ICE CREAM"
"2","0.242","U+1f4b2","HEAVY DOLLAR SIGN"
"2","0.152","U+26fd","FUEL PUMP"
"2","0.281","U+1f359","RICE BALL"
"2","0.063","U+1f357","POULTRY LEG"
"2","0.125","U+1f372","POT OF FOOD"
"2","-0.594","U+1f365","FISH CAKE WITH SWIRL DESIGN"
"2","0.219","U+25b8","BLACK RIGHT-POINTING SMALL TRIANGLE"
"2","0.188","U+265b","BLACK CHESS QUEEN"
"0","0.355","U+1f63c","CAT FACE WITH WRY SMILE"
"2","0.387","U+1f419","OCTOPUS"
"2","0.516","U+1f468","MAN"
"2","0.452","U+1f35a","COOKED RICE"
"2","0.129","U+1f356","MEAT ON BONE"
"2","0.871","U+2668","HOT SPRINGS"
"2","0.355","U+1f3b9","MUSICAL KEYBOARD"
"2","0.387","U+2655","WHITE CHESS QUEEN"
"2","0.903","U+2583","LOWER THREE EIGHTHS BLOCK"
"2","0.067","U+1f698","ONCOMING AUTOMOBILE"
"2","0.067","U+1f34f","GREEN APPLE"
"2","0.067","U+1f469","WOMAN"
"2","0.133","U+1f466","BOY"
"2","0.267","U+1f1ec","REGIONAL INDICATOR SYMBOL LETTER G"
"2","0.267","U+1f1e7","REGIONAL INDICATOR SYMBOL LETTER B"
"0","-0.033","U+2620","SKULL AND CROSSBONES"
"2","0.414","U+1f420","TROPICAL FISH"
"2","0.69","U+1f6b9","MENS SYMBOL"
"2","0.379","U+1f4b5","BANKNOTE WITH DOLLAR SIGN"
"4","0.793","U+2730","SHADOWED WHITE STAR"
"2","0.207","U+2560","BOX DRAWINGS DOUBLE VERTICAL AND RIGHT"
"2","0.357","U+1f45b","PURSE"
"2","0.036","U+1f699","RECREATIONAL VEHICLE"
"2","0.571","U+1f331","SEEDLING"
"2","0.25","U+1f4bb","PERSONAL COMPUTER"
"2","0.321","U+1f30f","EARTH GLOBE ASIA-AUSTRALIA"
"2","-0.071","U+2584","LOWER HALF BLOCK"
"2","0.296","U+1f453","EYEGLASSES"
"2","0.222","U+25c4","BLACK LEFT-POINTING POINTER"
"2","-0.037","U+26be","BASEBALL"
"2","0.385","U+1f332","EVERGREEN TREE"
"2","0.231","U+1f474","OLDER MAN"
"2","0.5","U+1f3e0","HOUSE BUILDING"
"2","0.269","U+1f347","GRAPES"
"2","0.385","U+1f358","RICE CRACKER"
"2","0.038","U+1f35b","CURRY AND RICE"
"2","0.231","U+1f407","RABBIT"
"2","-0.038","U+1f51e","NO ONE UNDER EIGHTEEN SYMBOL"
"2","0.423","U+1f475","OLDER WOMAN"
"2","0.269","U+25c0","BLACK LEFT-POINTING TRIANGLE"
"2","0.192","U+1f519","BACK WITH LEFTWARDS ARROW ABOVE"
"2","0.192","U+1f335","CACTUS"
"2","0.12","U+1f43d","PIG NOSE"
"2","-0.12","U+1f36e","CUSTARD"
"4","0.68","U+1f387","FIREWORK SPARKLER"
"2","0.4","U+1f40e","HORSE"
"2","-0.12","U+2794","HEAVY WIDE-HEADED RIGHTWARDS ARROW"
"2","0","U+1f4b6","BANKNOTE WITH EURO SIGN"
"2","0.52","U+1f424","BABY CHICK"
"2","0.2","U+2569","BOX DRAWINGS DOUBLE UP AND HORIZONTAL"
"2","0.125","U+1f6c0","BATH"
"2","0.458","U+1f311","NEW MOON SYMBOL"
"2","0.375","U+1f6b2","BICYCLE"
"2","-0.167","U+1f411","SHEEP"
"2","0.5","U+1f3c1","CHEQUERED FLAG"
"2","0.042","U+1f35e","BREAD"
"2","0.542","U+1f3be","TENNIS RACQUET AND BALL"
"2","0.292","U+255a","BOX DRAWINGS DOUBLE UP AND RIGHT"
"2","0.292","U+1f239","SQUARED CJK UNIFIED IDEOGRAPH-5272"
"2","0.13","U+1f433","SPOUTING WHALE"
"2","-0.348","U+1f46e","POLICE OFFICER"
"0","-0.522","U+2639","WHITE FROWNING FACE"
"2","0.478","U+1f435","MONKEY FACE"
"4","0.304","U+272a","CIRCLED WHITE STAR"
"2","0.435","U+25d5","CIRCLE WITH ALL BUT UPPER LEFT QUADRANT BLACK"
"2","0.522","U+1f5fc","TOKYO TOWER"
"2","-0.13","U+2590","RIGHT HALF BLOCK"
"2","0.304","U+2660","BLACK SPADE SUIT"
"2","-0.348","U+2533","BOX DRAWINGS HEAVY DOWN AND HORIZONTAL"
"0","-0.182","U+1f47a","JAPANESE GOBLIN"
"2","0.227","U+1f41a","SPIRAL SHELL"
"2","-0.136","U+1f442","EAR"
"2","0.318","U+1f5fd","STATUE OF LIBERTY"
"2","0.364","U+1f375","TEACUP WITHOUT HANDLE"
"2","0.364","U+1f192","SQUARED COOL"
"2","0.045","U+1f36f","HONEY POT"
"2","0.227","U+1f43a","WOLF FACE"
"2","0.455","U+21e8","RIGHTWARDS WHITE ARROW"
"2","0.136","U+27a8","HEAVY CONCAVE-POINTED BLACK RIGHTWARDS ARROW"
"2","0.591","U+1f313","FIRST QUARTER MOON SYMBOL"
"2","0.182","U+1f512","LOCK"
"2","-0.136","U+256c","BOX DRAWINGS DOUBLE VERTICAL AND HORIZONTAL"
"2","0.619","U+1f473","MAN WITH TURBAN"
"2","0.238","U+1f302","CLOSED UMBRELLA"
"2","0.19","U+1f68c","BUS"
"4","0.524","U+2669","QUARTER NOTE"
"2","-0.048","U+1f361","DANGO"
"4","0.238","U+2765","ROTATED HEAVY BLACK HEART BULLET"
"2","0.286","U+1f3a1","FERRIS WHEEL"
"4","0.5","U+1f48c","LOVE LETTER"
"2","0.35","U+1f429","POODLE"
"2","0.5","U+1f31c","LAST QUARTER MOON WITH FACE"
"2","0.2","U+231a","WATCH"
"2","0.6","U+1f6bf","SHOWER"
"2","0.15","U+1f416","PIG"
"4","0.55","U+1f506","HIGH BRIGHTNESS SYMBOL"
"2","0.55","U+1f31b","FIRST QUARTER MOON WITH FACE"
"2","-0.15","U+1f482","GUARDSMAN"
"2","0.3","U+1f414","CHICKEN"
"2","-0.05","U+1f64e","PERSON WITH POUTING FACE"
"2","0.421","U+1f3e9","LOVE HOTEL"
"2","0.474","U+1f1eb","REGIONAL INDICATOR SYMBOL LETTER F"
"0","-0.105","U+1f528","HAMMER"
"2","0.421","U+1f4e2","PUBLIC ADDRESS LOUDSPEAKER"
"2","0.421","U+1f426","BIRD"
"2","-0.053","U+1f432","DRAGON FACE"
"4","0.474","U+267b","BLACK UNIVERSAL RECYCLING SYMBOL"
"2","0.579","U+1f318","WANING CRESCENT MOON SYMBOL"
"2","0.158","U+1f350","PEAR"
"2","0.579","U+1f314","WAXING GIBBOUS MOON SYMBOL"
"2","0.105","U+2565","BOX DRAWINGS DOWN DOUBLE AND HORIZONTAL SINGLE"
"2","0","U+274a","EIGHT TEARDROP-SPOKED PROPELLER ASTERISK"
"2","0.333","U+1f456","JEANS"
"2","0.167","U+1f6ba","WOMENS SYMBOL"
"4","0.611","U+1f617","KISSING FACE"
"2","0","U+1f3ad","PERFORMING ARTS"
"2","0.278","U+1f404","COW"
"2","-0.056","U+25df","LOWER LEFT QUADRANT CIRCULAR ARC"
"2","-0.111","U+1f362","ODEN"
"2","0.167","U+1f3a8","ARTIST PALETTE"
"2","0.389","U+2b07","DOWNWARDS BLACK ARROW"
"2","0.556","U+1f6bc","BABY SYMBOL"
"2","0.056","U+26f2","FOUNTAIN"
"2","0","U+2581","LOWER ONE EIGHTH BLOCK"
"2","0.333","U+1f1f4","REGIONAL INDICATOR SYMBOL LETTER O"
"2","0.611","U+1f317","LAST QUARTER MOON SYMBOL"
"2","0.611","U+1f316","WANING GIBBOUS MOON SYMBOL"
"4","0.833","U+1f505","LOW BRIGHTNESS SYMBOL"
"2","0.235","U+1f45c","HANDBAG"
"2","0.647","U+1f40c","SNAIL"
"2","0.529","U+1f4bc","BRIEFCASE"
"2","0","U+1f695","TAXI"
"2","0.294","U+1f439","HAMSTER FACE"
"4","0.529","U+1f320","SHOOTING STAR"
"2","0.294","U+1f408","CAT"
"2","0.118","U+21e7","UPWARDS WHITE ARROW"
"2","0","U+260e","BLACK TELEPHONE"
"2","0.176","U+1f301","FOGGY"
"2","0.235","U+26ab","MEDIUM BLACK CIRCLE"
"2","0.471","U+2667","WHITE CLUB SUIT"
"2","0.294","U+1f3f0","EUROPEAN CASTLE"
"2","0.353","U+1f6b5","MOUNTAIN BICYCLIST"
"4","0.471","U+1f3a2","ROLLER COASTER"
"4","0.647","U+1f3b7","SAXOPHONE"
"2","0.176","U+1f390","WIND CHIME"
"2","-0.588","U+2508","BOX DRAWINGS LIGHT QUADRUPLE DASH HORIZONTAL"
"2","0.353","U+2557","BOX DRAWINGS DOUBLE DOWN AND LEFT"
"2","0","U+2571","BOX DRAWINGS LIGHT DIAGONAL UPPER RIGHT TO LOWER LEFT"
"4","0.5","U+1f307","SUNSET OVER BUILDINGS"
"2","0.438","U+23f0","ALARM CLOCK"
"2","0","U+21e9","DOWNWARDS WHITE ARROW"
"2","0.25","U+1f682","STEAM LOCOMOTIVE"
"2","0.438","U+25e0","UPPER HALF CIRCLE"
"2","0.375","U+1f3bf","SKI AND SKI BOOT"
"2","0.063","U+2726","BLACK FOUR POINTED STAR"
"2","0.75","U+1f194","SQUARED ID"
"2","0.125","U+26ea","CHURCH"
"2","0.563","U+1f312","WAXING CRESCENT MOON SYMBOL"
"2","0.563","U+1f42a","DROMEDARY CAMEL"
"2","0.25","U+2554","BOX DRAWINGS DOUBLE DOWN AND RIGHT"
"2","0.438","U+255d","BOX DRAWINGS DOUBLE UP AND LEFT"
"2","0.333","U+1f454","NECKTIE"
"2","0.067","U+1f531","TRIDENT EMBLEM"
"2","0.2","U+1f193","SQUARED FREE"
"2","0.2","U+1f40b","WHALE"
"2","0.4","U+25bd","WHITE DOWN-POINTING TRIANGLE"
"2","0","U+2582","LOWER ONE QUARTER BLOCK"
"2","0.267","U+1f41b","BUG"
"2","0.4","U+1f455","T-SHIRT"
"2","0.067","U+1f68b","TRAM CAR"
"2","0.4","U+1f4b3","CREDIT CARD"
"2","0.133","U+1f306","CITYSCAPE AT DUSK"
"2","0.8","U+1f3e7","AUTOMATED TELLER MACHINE"
"4","0.6","U+1f4a1","ELECTRIC LIGHT BULB"
"2","0.133","U+1f539","SMALL BLUE DIAMOND"
"2","0.467","U+2b05","LEFTWARDS BLACK ARROW"
"2","0","U+1f360","ROASTED SWEET POTATO"
"2","0.333","U+1f42b","BACTRIAN CAMEL"
"0","0.067","U+1f3ea","CONVENIENCE STORE"
"2","0","U+6e9","ARABIC PLACE OF SAJDAH"
"2","0.4","U+1f1f1","REGIONAL INDICATOR SYMBOL LETTER L"
"2","0.429","U+1f4f9","VIDEO CAMERA"
"2","0.429","U+1f45e","MANS SHOE"
"0","0.071","U+1f691","AMBULANCE"
"0","0.071","U+1f198","SQUARED SOS"
"2","0.571","U+1f45a","WOMANS CLOTHES"
"2","0.071","U+1f68d","ONCOMING BUS"
"2","-0.214","U+25a1","WHITE SQUARE"
"2","0.143","U+1f402","OX"
"2","0.571","U+1f6a3","ROWBOAT"
"2","0","U+2733","EIGHT SPOKED ASTERISK"
"2","0.5","U+1f3c9","RUGBY FOOTBALL"
"2","0.571","U+1f5fb","MOUNT FUJI"
"2","0.143","U+1f400","RAT"
"2","0.357","U+2566","BOX DRAWINGS DOUBLE DOWN AND HORIZONTAL"
"2","0.462","U+26fa","TENT"
"2","0.231","U+1f415","DOG"
"2","0.385","U+1f3c2","SNOWBOARDER"
"2","0.385","U+1f461","WOMANS SANDAL"
"2","0.308","U+1f4fb","RADIO"
"2","0.231","U+2712","BLACK NIB"
"2","0.538","U+1f330","CHESTNUT"
"2","0.154","U+1f3e2","OFFICE BUILDING"
"2","0.462","U+1f392","SCHOOL SATCHEL"
"2","0.538","U+2312","ARC"
"2","-0.231","U+1f3eb","SCHOOL"
"2","0.615","U+1f4f4","MOBILE PHONE OFF"
"2","0.231","U+1f6a2","SHIP"
"2","-0.077","U+1f69a","DELIVERY TRUCK"
"2","0.154","U+1f409","DRAGON"
"2","0.231","U+2752","UPPER RIGHT SHADOWED WHITE SQUARE"
"2","0.077","U+1f40a","CROCODILE"
"2","0.769","U+1f514","BELL"
"2","0.615","U+25e2","BLACK LOWER RIGHT TRIANGLE"
"2","0.25","U+1f3e5","HOSPITAL"
"2","0","U+2754","WHITE QUESTION MARK ORNAMENT"
"2","-0.083","U+1f696","ONCOMING TAXI"
"2","0.083","U+1f0cf","PLAYING CARD BLACK JOKER"
"2","0.083","U+25bc","BLACK DOWN-POINTING TRIANGLE"
"2","-0.25","U+258c","LEFT HALF BLOCK"
"2","0.333","U+261b","BLACK RIGHT POINTING INDEX"
"4","0","U+2729","STRESS OUTLINED WHITE STAR"
"4","0.5","U+1f492","WEDDING"
"2","0.333","U+1f6a4","SPEEDBOAT"
"2","0.417","U+1f410","GOAT"
"2","-0.25","U+25a0","BLACK SQUARE"
"2","0.333","U+1f51a","END WITH LEFTWARDS ARROW ABOVE"
"2","0.333","U+1f3bb","VIOLIN"
"2","0.167","U+1f537","LARGE BLUE DIAMOND"
"2","0.083","U+1f6a6","VERTICAL TRAFFIC LIGHT"
"2","0.083","U+1f513","OPEN LOCK"
"2","0.417","U+1f3bd","RUNNING SHIRT WITH SASH"
"2","0.167","U+1f4c5","CALENDAR"
"2","0.583","U+1f3ba","TRUMPET"
"2","0","U+272f","PINWHEEL STAR"
"2","-0.333","U+1f348","MELON"
"2","0.25","U+2709","ENVELOPE"
"2","0","U+2563","BOX DRAWINGS DOUBLE VERTICAL AND LEFT"
"2","0.75","U+25e4","BLACK UPPER LEFT TRIANGLE"
"2","0.455","U+25cb","WHITE CIRCLE"
"2","0.455","U+1f37c","BABY BOTTLE"
"2","0.091","U+1f4c0","DVD"
"2","-0.182","U+1f69b","ARTICULATED LORRY"
"2","0.182","U+1f4d3","NOTEBOOK"
"2","0.182","U+2609","SUN"
"2","-0.182","U+1f4b4","BANKNOTE WITH YEN SIGN"
"2","0","U+253c","BOX DRAWINGS LIGHT VERTICAL AND HORIZONTAL"
"2","0","U+1f403","WATER BUFFALO"
"2","-0.091","U+27b0","CURLY LOOP"
"2","-0.091","U+1f50c","ELECTRIC PLUG"
"2","0","U+1f344","MUSHROOM"
"2","0.182","U+1f4d5","CLOSED BOOK"
"2","0.364","U+1f4e3","CHEERING MEGAPHONE"
"2","0.273","U+1f693","POLICE CAR"
"2","0.455","U+1f417","BOAR"
"2","0.091","U+21aa","RIGHTWARDS ARROW WITH HOOK"
"2","0.636","U+26f3","FLAG IN HOLE"
"2","-0.364","U+253b","BOX DRAWINGS HEAVY UP AND HORIZONTAL"
"2","0.545","U+251b","BOX DRAWINGS HEAVY UP AND LEFT"
"2","0.364","U+2503","BOX DRAWINGS HEAVY VERTICAL"
"2","0.1","U+1f471","PERSON WITH BLOND HAIR"
"2","0","U+23f3","HOURGLASS WITH FLOWING SAND"
"2","0.2","U+1f4ba","SEAT"
"2","-0.1","U+1f3c7","HORSE RACING"
"4","0.2","U+263b","BLACK SMILING FACE"
"2","0.4","U+1f4de","TELEPHONE RECEIVER"
"2","-0.1","U+24b6","CIRCLED LATIN CAPITAL LETTER A"
"2","0.5","U+1f309","BRIDGE AT NIGHT"
"2","-0.2","U+1f6a9","TRIANGULAR FLAG ON POST"
"2","0.5","U+270e","LOWER RIGHT PENCIL"
"2","0.4","U+1f4c3","PAGE WITH CURL"
"2","0.2","U+1f3e8","HOTEL"
"2","-0.4","U+1f4cc","PUSHPIN"
"2","-0.1","U+264e","LIBRA"
"4","0.4","U+1f4b7","BANKNOTE WITH POUND SIGN"
"2","0.5","U+1f684","HIGH-SPEED TRAIN"
"2","0.5","U+25b2","BLACK UP-POINTING TRIANGLE"
"2","0.5","U+26f5","SAILBOAT"
"2","0.2","U+1f538","SMALL ORANGE DIAMOND"
"2","0.1","U+231b","HOURGLASS"
"2","0.7","U+1f69c","TRACTOR"
"2","0.3","U+1f406","LEOPARD"
"2","0.2","U+1f452","WOMANS HAT"
"2","0.2","U+2755","WHITE EXCLAMATION MARK ORNAMENT"
"2","0.4","U+1f51b","ON WITH EXCLAMATION MARK WITH LEFT RIGHT ARROW ABOVE"
"2","0.3","U+2662","WHITE DIAMOND SUIT"
"2","0.4","U+1f1f2","REGIONAL INDICATOR SYMBOL LETTER M"
"2","0.6","U+2745","TIGHT TRIFOLIATE SNOWFLAKE"
"2","0.333","U+1f45d","POUCH"
"2","0.333","U+271e","SHADOWED WHITE LATIN CROSS"
"2","0.222","U+25e1","LOWER HALF CIRCLE"
"2","0.444","U+1f38b","TANABATA TREE"
"2","0.222","U+1f465","BUSTS IN SILHOUETTE"
"0","0.111","U+1f4f5","NO MOBILE PHONES"
"2","0.222","U+1f421","BLOWFISH"
"2","0.556","U+25c6","BLACK DIAMOND"
"2","0.111","U+1f3ef","JAPANESE CASTLE"
"2","0","U+2602","UMBRELLA"
"2","0.333","U+1f52d","TELESCOPE"
"2","0.222","U+1f3aa","CIRCUS TENT"
"2","0.444","U+1f41c","ANT"
"2","0.556","U+264c","LEO"
"2","-0.667","U+2610","BALLOT BOX"
"2","0.222","U+1f477","CONSTRUCTION WORKER"
"2","0","U+21b3","DOWNWARDS ARROW WITH TIP RIGHTWARDS"
"2","0.222","U+1f508","SPEAKER"
"2","0.667","U+1f4c4","PAGE FACING UP"
"2","0.111","U+1f4cd","ROUND PUSHPIN"
"2","0.556","U+1f690","MINIBUS"
"2","0","U+1f694","ONCOMING POLICE CAR"
"2","0.444","U+1f30b","VOLCANO"
"2","0.222","U+1f4e1","SATELLITE ANTENNA"
"2","0.111","U+23e9","BLACK RIGHT-POINTING DOUBLE TRIANGLE"
"0","0.667","U+1f6b3","NO BICYCLES"
"0","0.556","U+2718","HEAVY BALLOT X"
"2","0","U+6de","ARABIC START OF RUB EL HIZB"
"2","0","U+263e","LAST QUARTER MOON"
"2","0.222","U+1f170","NEGATIVE SQUARED LATIN CAPITAL LETTER A"
"2","0","U+1f4e5","INBOX TRAY"
"2","0.333","U+1f1fc","REGIONAL INDICATOR SYMBOL LETTER W"
"2","0.444","U+2513","BOX DRAWINGS HEAVY DOWN AND LEFT"
"2","0.444","U+2523","BOX DRAWINGS HEAVY VERTICAL AND RIGHT"
"2","0.333","U+24c1","CIRCLED LATIN CAPITAL LETTER L"
"2","0.333","U+24ba","CIRCLED LATIN CAPITAL LETTER E"
"2","0","U+1f526","ELECTRIC TORCH"
"2","0.5","U+1f464","BUST IN SILHOUETTE"
"2","0.125","U+1f681","HELICOPTER"
"2","0.375","U+1f3a0","CAROUSEL HORSE"
"2","-0.25","U+1f401","MOUSE"
"2","0.125","U+1f4d7","GREEN BOOK"
"2","-0.125","U+2510","BOX DRAWINGS LIGHT DOWN AND LEFT"
"2","0","U+262e","PEACE SYMBOL"
"2","0.125","U+2642","MALE SIGN"
"2","0","U+25de","LOWER RIGHT QUADRANT CIRCULAR ARC"
"2","-0.125","U+1f4ef","POSTAL HORN"
"2","0.125","U+1f529","NUT AND BOLT"
"2","0.5","U+1f462","WOMANS BOOTS"
"2","0.25","U+25c2","BLACK LEFT-POINTING SMALL TRIANGLE"
"2","0.25","U+1f4f0","NEWSPAPER"
"2","0.25","U+1f4f6","ANTENNA WITH BARS"
"2","0","U+1f6a5","HORIZONTAL TRAFFIC LIGHT"
"2","0.125","U+1f304","SUNRISE OVER MOUNTAINS"
"2","0.25","U+1f5fe","SILHOUETTE OF JAPAN"
"2","0.25","U+1f536","LARGE ORANGE DIAMOND"
"2","0.25","U+1f3e4","EUROPEAN POST OFFICE"
"2","0.25","U+1f3a9","TOP HAT"
"2","0.25","U+24c2","CIRCLED LATIN CAPITAL LETTER M"
"2","-0.375","U+1f527","WRENCH"
"2","0.125","U+1f405","TIGER"
"2","0.125","U+266e","MUSIC NATURAL SIGN"
"2","-0.125","U+1f17e","NEGATIVE SQUARED LATIN CAPITAL LETTER O"
"2","0","U+1f504","ANTICLOCKWISE DOWNWARDS AND UPWARDS OPEN CIRCLE ARROWS"
"2","0","U+2604","COMET"
"2","0","U+2628","CROSS OF LORRAINE"
